"Million Plus Cities","Cause category","Cause Subcategory","Outcome of Incident",Count
Agra,"Traffic Control","Flashing Signal/Blinker","Greviously Injured",0
Agra,"Traffic Control","Flashing Signal/Blinker","Minor Injury",0
Agra,"Traffic Control","Flashing Signal/Blinker","Persons Killed",0
Agra,"Traffic Control","Flashing Signal/Blinker","Total Injured",0
Agra,"Traffic Control","Flashing Signal/Blinker","Total number of Accidents",0
Agra,"Traffic Control",Others,"Greviously Injured",175
Agra,"Traffic Control",Others,"Minor Injury",91
Agra,"Traffic Control",Others,"Persons Killed",373
Agra,"Traffic Control",Others,"Total Injured",266
Agra,"Traffic Control",Others,"Total number of Accidents",470
Agra,"Traffic Control","Police Controlled","Greviously Injured",0
Agra,"Traffic Control","Police Controlled","Minor Injury",0
Agra,"Traffic Control","Police Controlled","Persons Killed",0
Agra,"Traffic Control","Police Controlled","Total Injured",0
Agra,"Traffic Control","Police Controlled","Total number of Accidents",0
Agra,"Traffic Control","Stop Sign","Greviously Injured",0
Agra,"Traffic Control","Stop Sign","Minor Injury",0
Agra,"Traffic Control","Stop Sign","Persons Killed",0
Agra,"Traffic Control","Stop Sign","Total Injured",0
Agra,"Traffic Control","Stop Sign","Total number of Accidents",0
Agra,"Traffic Control","Traffic Light Signal","Greviously Injured",30
Agra,"Traffic Control","Traffic Light Signal","Minor Injury",37
Agra,"Traffic Control","Traffic Light Signal","Persons Killed",18
Agra,"Traffic Control","Traffic Light Signal","Total Injured",67
Agra,"Traffic Control","Traffic Light Signal","Total number of Accidents",66
Agra,"Traffic Control",Uncontrolled,"Greviously Injured",172
Agra,"Traffic Control",Uncontrolled,"Minor Injury",128
Agra,"Traffic Control",Uncontrolled,"Persons Killed",123
Agra,"Traffic Control",Uncontrolled,"Total Injured",300
Agra,"Traffic Control",Uncontrolled,"Total number of Accidents",370
Ahmedabad,"Traffic Control","Flashing Signal/Blinker","Greviously Injured",4
Ahmedabad,"Traffic Control","Flashing Signal/Blinker","Minor Injury",1
Ahmedabad,"Traffic Control","Flashing Signal/Blinker","Persons Killed",3
Ahmedabad,"Traffic Control","Flashing Signal/Blinker","Total Injured",5
Ahmedabad,"Traffic Control","Flashing Signal/Blinker","Total number of Accidents",8
Ahmedabad,"Traffic Control",Others,"Greviously Injured",229
Ahmedabad,"Traffic Control",Others,"Minor Injury",122
Ahmedabad,"Traffic Control",Others,"Persons Killed",166
Ahmedabad,"Traffic Control",Others,"Total Injured",351
Ahmedabad,"Traffic Control",Others,"Total number of Accidents",642
Ahmedabad,"Traffic Control","Police Controlled","Greviously Injured",11
Ahmedabad,"Traffic Control","Police Controlled","Minor Injury",13
Ahmedabad,"Traffic Control","Police Controlled","Persons Killed",13
Ahmedabad,"Traffic Control","Police Controlled","Total Injured",24
Ahmedabad,"Traffic Control","Police Controlled","Total number of Accidents",35
Ahmedabad,"Traffic Control","Stop Sign","Greviously Injured",3
Ahmedabad,"Traffic Control","Stop Sign","Minor Injury",2
Ahmedabad,"Traffic Control","Stop Sign","Persons Killed",3
Ahmedabad,"Traffic Control","Stop Sign","Total Injured",5
Ahmedabad,"Traffic Control","Stop Sign","Total number of Accidents",8
Ahmedabad,"Traffic Control","Traffic Light Signal","Greviously Injured",41
Ahmedabad,"Traffic Control","Traffic Light Signal","Minor Injury",9
Ahmedabad,"Traffic Control","Traffic Light Signal","Persons Killed",14
Ahmedabad,"Traffic Control","Traffic Light Signal","Total Injured",50
Ahmedabad,"Traffic Control","Traffic Light Signal","Total number of Accidents",58
Ahmedabad,"Traffic Control",Uncontrolled,"Greviously Injured",188
Ahmedabad,"Traffic Control",Uncontrolled,"Minor Injury",163
Ahmedabad,"Traffic Control",Uncontrolled,"Persons Killed",141
Ahmedabad,"Traffic Control",Uncontrolled,"Total Injured",351
Ahmedabad,"Traffic Control",Uncontrolled,"Total number of Accidents",434
Allahabad(Prayagraj),"Traffic Control","Flashing Signal/Blinker","Greviously Injured",26
Allahabad(Prayagraj),"Traffic Control","Flashing Signal/Blinker","Minor Injury",49
Allahabad(Prayagraj),"Traffic Control","Flashing Signal/Blinker","Persons Killed",39
Allahabad(Prayagraj),"Traffic Control","Flashing Signal/Blinker","Total Injured",75
Allahabad(Prayagraj),"Traffic Control","Flashing Signal/Blinker","Total number of Accidents",104
Allahabad(Prayagraj),"Traffic Control",Others,"Greviously Injured",9
Allahabad(Prayagraj),"Traffic Control",Others,"Minor Injury",338
Allahabad(Prayagraj),"Traffic Control",Others,"Persons Killed",277
Allahabad(Prayagraj),"Traffic Control",Others,"Total Injured",347
Allahabad(Prayagraj),"Traffic Control",Others,"Total number of Accidents",577
Allahabad(Prayagraj),"Traffic Control","Police Controlled","Greviously Injured",18
Allahabad(Prayagraj),"Traffic Control","Police Controlled","Minor Injury",55
Allahabad(Prayagraj),"Traffic Control","Police Controlled","Persons Killed",51
Allahabad(Prayagraj),"Traffic Control","Police Controlled","Total Injured",73
Allahabad(Prayagraj),"Traffic Control","Police Controlled","Total number of Accidents",101
Allahabad(Prayagraj),"Traffic Control","Stop Sign","Greviously Injured",24
Allahabad(Prayagraj),"Traffic Control","Stop Sign","Minor Injury",52
Allahabad(Prayagraj),"Traffic Control","Stop Sign","Persons Killed",62
Allahabad(Prayagraj),"Traffic Control","Stop Sign","Total Injured",76
Allahabad(Prayagraj),"Traffic Control","Stop Sign","Total number of Accidents",127
Allahabad(Prayagraj),"Traffic Control","Traffic Light Signal","Greviously Injured",22
Allahabad(Prayagraj),"Traffic Control","Traffic Light Signal","Minor Injury",61
Allahabad(Prayagraj),"Traffic Control","Traffic Light Signal","Persons Killed",45
Allahabad(Prayagraj),"Traffic Control","Traffic Light Signal","Total Injured",83
Allahabad(Prayagraj),"Traffic Control","Traffic Light Signal","Total number of Accidents",124
Allahabad(Prayagraj),"Traffic Control",Uncontrolled,"Greviously Injured",22
Allahabad(Prayagraj),"Traffic Control",Uncontrolled,"Minor Injury",56
Allahabad(Prayagraj),"Traffic Control",Uncontrolled,"Persons Killed",43
Allahabad(Prayagraj),"Traffic Control",Uncontrolled,"Total Injured",78
Allahabad(Prayagraj),"Traffic Control",Uncontrolled,"Total number of Accidents",119
Amritsar,"Traffic Control","Flashing Signal/Blinker","Greviously Injured",5
Amritsar,"Traffic Control","Flashing Signal/Blinker","Minor Injury",7
Amritsar,"Traffic Control","Flashing Signal/Blinker","Persons Killed",13
Amritsar,"Traffic Control","Flashing Signal/Blinker","Total Injured",12
Amritsar,"Traffic Control","Flashing Signal/Blinker","Total number of Accidents",0
Amritsar,"Traffic Control",Others,"Greviously Injured",19
Amritsar,"Traffic Control",Others,"Minor Injury",8
Amritsar,"Traffic Control",Others,"Persons Killed",29
Amritsar,"Traffic Control",Others,"Total Injured",27
Amritsar,"Traffic Control",Others,"Total number of Accidents",44
Amritsar,"Traffic Control","Police Controlled","Greviously Injured",0
Amritsar,"Traffic Control","Police Controlled","Minor Injury",0
Amritsar,"Traffic Control","Police Controlled","Persons Killed",2
Amritsar,"Traffic Control","Police Controlled","Total Injured",0
Amritsar,"Traffic Control","Police Controlled","Total number of Accidents",0
Amritsar,"Traffic Control","Stop Sign","Greviously Injured",7
Amritsar,"Traffic Control","Stop Sign","Minor Injury",1
Amritsar,"Traffic Control","Stop Sign","Persons Killed",6
Amritsar,"Traffic Control","Stop Sign","Total Injured",8
Amritsar,"Traffic Control","Stop Sign","Total number of Accidents",0
Amritsar,"Traffic Control","Traffic Light Signal","Greviously Injured",6
Amritsar,"Traffic Control","Traffic Light Signal","Minor Injury",4
Amritsar,"Traffic Control","Traffic Light Signal","Persons Killed",10
Amritsar,"Traffic Control","Traffic Light Signal","Total Injured",10
Amritsar,"Traffic Control","Traffic Light Signal","Total number of Accidents",1
Amritsar,"Traffic Control",Uncontrolled,"Greviously Injured",1
Amritsar,"Traffic Control",Uncontrolled,"Minor Injury",1
Amritsar,"Traffic Control",Uncontrolled,"Persons Killed",6
Amritsar,"Traffic Control",Uncontrolled,"Total Injured",2
Amritsar,"Traffic Control",Uncontrolled,"Total number of Accidents",55
"Asansol Durgapur","Traffic Control","Flashing Signal/Blinker","Greviously Injured",0
"Asansol Durgapur","Traffic Control","Flashing Signal/Blinker","Minor Injury",0
"Asansol Durgapur","Traffic Control","Flashing Signal/Blinker","Persons Killed",0
"Asansol Durgapur","Traffic Control","Flashing Signal/Blinker","Total Injured",0
"Asansol Durgapur","Traffic Control","Flashing Signal/Blinker","Total number of Accidents",0
"Asansol Durgapur","Traffic Control",Others,"Greviously Injured",183
"Asansol Durgapur","Traffic Control",Others,"Minor Injury",41
"Asansol Durgapur","Traffic Control",Others,"Persons Killed",299
"Asansol Durgapur","Traffic Control",Others,"Total Injured",224
"Asansol Durgapur","Traffic Control",Others,"Total number of Accidents",401
"Asansol Durgapur","Traffic Control","Police Controlled","Greviously Injured",2
"Asansol Durgapur","Traffic Control","Police Controlled","Minor Injury",0
"Asansol Durgapur","Traffic Control","Police Controlled","Persons Killed",6
"Asansol Durgapur","Traffic Control","Police Controlled","Total Injured",2
"Asansol Durgapur","Traffic Control","Police Controlled","Total number of Accidents",7
"Asansol Durgapur","Traffic Control","Stop Sign","Greviously Injured",1
"Asansol Durgapur","Traffic Control","Stop Sign","Minor Injury",0
"Asansol Durgapur","Traffic Control","Stop Sign","Persons Killed",1
"Asansol Durgapur","Traffic Control","Stop Sign","Total Injured",1
"Asansol Durgapur","Traffic Control","Stop Sign","Total number of Accidents",2
"Asansol Durgapur","Traffic Control","Traffic Light Signal","Greviously Injured",0
"Asansol Durgapur","Traffic Control","Traffic Light Signal","Minor Injury",0
"Asansol Durgapur","Traffic Control","Traffic Light Signal","Persons Killed",1
"Asansol Durgapur","Traffic Control","Traffic Light Signal","Total Injured",0
"Asansol Durgapur","Traffic Control","Traffic Light Signal","Total number of Accidents",1
"Asansol Durgapur","Traffic Control",Uncontrolled,"Greviously Injured",17
"Asansol Durgapur","Traffic Control",Uncontrolled,"Minor Injury",2
"Asansol Durgapur","Traffic Control",Uncontrolled,"Persons Killed",8
"Asansol Durgapur","Traffic Control",Uncontrolled,"Total Injured",19
"Asansol Durgapur","Traffic Control",Uncontrolled,"Total number of Accidents",17
Aurangabad,"Traffic Control","Flashing Signal/Blinker","Greviously Injured",0
Aurangabad,"Traffic Control","Flashing Signal/Blinker","Minor Injury",0
Aurangabad,"Traffic Control","Flashing Signal/Blinker","Persons Killed",0
Aurangabad,"Traffic Control","Flashing Signal/Blinker","Total Injured",0
Aurangabad,"Traffic Control","Flashing Signal/Blinker","Total number of Accidents",0
Aurangabad,"Traffic Control",Others,"Greviously Injured",189
Aurangabad,"Traffic Control",Others,"Minor Injury",69
Aurangabad,"Traffic Control",Others,"Persons Killed",107
Aurangabad,"Traffic Control",Others,"Total Injured",258
Aurangabad,"Traffic Control",Others,"Total number of Accidents",345
Aurangabad,"Traffic Control","Police Controlled","Greviously Injured",0
Aurangabad,"Traffic Control","Police Controlled","Minor Injury",0
Aurangabad,"Traffic Control","Police Controlled","Persons Killed",0
Aurangabad,"Traffic Control","Police Controlled","Total Injured",0
Aurangabad,"Traffic Control","Police Controlled","Total number of Accidents",0
Aurangabad,"Traffic Control","Stop Sign","Greviously Injured",0
Aurangabad,"Traffic Control","Stop Sign","Minor Injury",0
Aurangabad,"Traffic Control","Stop Sign","Persons Killed",0
Aurangabad,"Traffic Control","Stop Sign","Total Injured",0
Aurangabad,"Traffic Control","Stop Sign","Total number of Accidents",0
Aurangabad,"Traffic Control","Traffic Light Signal","Greviously Injured",0
Aurangabad,"Traffic Control","Traffic Light Signal","Minor Injury",0
Aurangabad,"Traffic Control","Traffic Light Signal","Persons Killed",0
Aurangabad,"Traffic Control","Traffic Light Signal","Total Injured",0
Aurangabad,"Traffic Control","Traffic Light Signal","Total number of Accidents",0
Aurangabad,"Traffic Control",Uncontrolled,"Greviously Injured",31
Aurangabad,"Traffic Control",Uncontrolled,"Minor Injury",4
Aurangabad,"Traffic Control",Uncontrolled,"Persons Killed",29
Aurangabad,"Traffic Control",Uncontrolled,"Total Injured",35
Aurangabad,"Traffic Control",Uncontrolled,"Total number of Accidents",61
Bengaluru,"Traffic Control","Flashing Signal/Blinker","Greviously Injured",33
Bengaluru,"Traffic Control","Flashing Signal/Blinker","Minor Injury",33
Bengaluru,"Traffic Control","Flashing Signal/Blinker","Persons Killed",9
Bengaluru,"Traffic Control","Flashing Signal/Blinker","Total Injured",66
Bengaluru,"Traffic Control","Flashing Signal/Blinker","Total number of Accidents",67
Bengaluru,"Traffic Control",Others,"Greviously Injured",1154
Bengaluru,"Traffic Control",Others,"Minor Injury",773
Bengaluru,"Traffic Control",Others,"Persons Killed",536
Bengaluru,"Traffic Control",Others,"Total Injured",1927
Bengaluru,"Traffic Control",Others,"Total number of Accidents",2316
Bengaluru,"Traffic Control","Police Controlled","Greviously Injured",130
Bengaluru,"Traffic Control","Police Controlled","Minor Injury",38
Bengaluru,"Traffic Control","Police Controlled","Persons Killed",38
Bengaluru,"Traffic Control","Police Controlled","Total Injured",168
Bengaluru,"Traffic Control","Police Controlled","Total number of Accidents",220
Bengaluru,"Traffic Control","Stop Sign","Greviously Injured",12
Bengaluru,"Traffic Control","Stop Sign","Minor Injury",4
Bengaluru,"Traffic Control","Stop Sign","Persons Killed",0
Bengaluru,"Traffic Control","Stop Sign","Total Injured",16
Bengaluru,"Traffic Control","Stop Sign","Total number of Accidents",16
Bengaluru,"Traffic Control","Traffic Light Signal","Greviously Injured",180
Bengaluru,"Traffic Control","Traffic Light Signal","Minor Injury",99
Bengaluru,"Traffic Control","Traffic Light Signal","Persons Killed",32
Bengaluru,"Traffic Control","Traffic Light Signal","Total Injured",279
Bengaluru,"Traffic Control","Traffic Light Signal","Total number of Accidents",335
Bengaluru,"Traffic Control",Uncontrolled,"Greviously Injured",198
Bengaluru,"Traffic Control",Uncontrolled,"Minor Injury",97
Bengaluru,"Traffic Control",Uncontrolled,"Persons Killed",31
Bengaluru,"Traffic Control",Uncontrolled,"Total Injured",295
Bengaluru,"Traffic Control",Uncontrolled,"Total number of Accidents",279
Bhopal,"Traffic Control","Flashing Signal/Blinker","Greviously Injured",0
Bhopal,"Traffic Control","Flashing Signal/Blinker","Minor Injury",19
Bhopal,"Traffic Control","Flashing Signal/Blinker","Persons Killed",3
Bhopal,"Traffic Control","Flashing Signal/Blinker","Total Injured",19
Bhopal,"Traffic Control","Flashing Signal/Blinker","Total number of Accidents",33
Bhopal,"Traffic Control",Others,"Greviously Injured",71
Bhopal,"Traffic Control",Others,"Minor Injury",753
Bhopal,"Traffic Control",Others,"Persons Killed",135
Bhopal,"Traffic Control",Others,"Total Injured",824
Bhopal,"Traffic Control",Others,"Total number of Accidents",1001
Bhopal,"Traffic Control","Police Controlled","Greviously Injured",11
Bhopal,"Traffic Control","Police Controlled","Minor Injury",45
Bhopal,"Traffic Control","Police Controlled","Persons Killed",9
Bhopal,"Traffic Control","Police Controlled","Total Injured",56
Bhopal,"Traffic Control","Police Controlled","Total number of Accidents",101
Bhopal,"Traffic Control","Stop Sign","Greviously Injured",30
Bhopal,"Traffic Control","Stop Sign","Minor Injury",295
Bhopal,"Traffic Control","Stop Sign","Persons Killed",26
Bhopal,"Traffic Control","Stop Sign","Total Injured",325
Bhopal,"Traffic Control","Stop Sign","Total number of Accidents",416
Bhopal,"Traffic Control","Traffic Light Signal","Greviously Injured",21
Bhopal,"Traffic Control","Traffic Light Signal","Minor Injury",103
Bhopal,"Traffic Control","Traffic Light Signal","Persons Killed",18
Bhopal,"Traffic Control","Traffic Light Signal","Total Injured",124
Bhopal,"Traffic Control","Traffic Light Signal","Total number of Accidents",181
Bhopal,"Traffic Control",Uncontrolled,"Greviously Injured",53
Bhopal,"Traffic Control",Uncontrolled,"Minor Injury",406
Bhopal,"Traffic Control",Uncontrolled,"Persons Killed",46
Bhopal,"Traffic Control",Uncontrolled,"Total Injured",459
Bhopal,"Traffic Control",Uncontrolled,"Total number of Accidents",563
Chandigarh,"Traffic Control","Flashing Signal/Blinker","Greviously Injured",4
Chandigarh,"Traffic Control","Flashing Signal/Blinker","Minor Injury",15
Chandigarh,"Traffic Control","Flashing Signal/Blinker","Persons Killed",5
Chandigarh,"Traffic Control","Flashing Signal/Blinker","Total Injured",19
Chandigarh,"Traffic Control","Flashing Signal/Blinker","Total number of Accidents",15
Chandigarh,"Traffic Control",Others,"Greviously Injured",8
Chandigarh,"Traffic Control",Others,"Minor Injury",61
Chandigarh,"Traffic Control",Others,"Persons Killed",25
Chandigarh,"Traffic Control",Others,"Total Injured",69
Chandigarh,"Traffic Control",Others,"Total number of Accidents",77
Chandigarh,"Traffic Control","Police Controlled","Greviously Injured",0
Chandigarh,"Traffic Control","Police Controlled","Minor Injury",0
Chandigarh,"Traffic Control","Police Controlled","Persons Killed",1
Chandigarh,"Traffic Control","Police Controlled","Total Injured",0
Chandigarh,"Traffic Control","Police Controlled","Total number of Accidents",1
Chandigarh,"Traffic Control","Stop Sign","Greviously Injured",0
Chandigarh,"Traffic Control","Stop Sign","Minor Injury",0
Chandigarh,"Traffic Control","Stop Sign","Persons Killed",0
Chandigarh,"Traffic Control","Stop Sign","Total Injured",0
Chandigarh,"Traffic Control","Stop Sign","Total number of Accidents",0
Chandigarh,"Traffic Control","Traffic Light Signal","Greviously Injured",0
Chandigarh,"Traffic Control","Traffic Light Signal","Minor Injury",43
Chandigarh,"Traffic Control","Traffic Light Signal","Persons Killed",17
Chandigarh,"Traffic Control","Traffic Light Signal","Total Injured",43
Chandigarh,"Traffic Control","Traffic Light Signal","Total number of Accidents",49
Chandigarh,"Traffic Control",Uncontrolled,"Greviously Injured",2
Chandigarh,"Traffic Control",Uncontrolled,"Minor Injury",15
Chandigarh,"Traffic Control",Uncontrolled,"Persons Killed",5
Chandigarh,"Traffic Control",Uncontrolled,"Total Injured",17
Chandigarh,"Traffic Control",Uncontrolled,"Total number of Accidents",17
Chennai,"Traffic Control","Flashing Signal/Blinker","Greviously Injured",198
Chennai,"Traffic Control","Flashing Signal/Blinker","Minor Injury",525
Chennai,"Traffic Control","Flashing Signal/Blinker","Persons Killed",212
Chennai,"Traffic Control","Flashing Signal/Blinker","Total Injured",723
Chennai,"Traffic Control","Flashing Signal/Blinker","Total number of Accidents",776
Chennai,"Traffic Control",Others,"Greviously Injured",369
Chennai,"Traffic Control",Others,"Minor Injury",1214
Chennai,"Traffic Control",Others,"Persons Killed",276
Chennai,"Traffic Control",Others,"Total Injured",1583
Chennai,"Traffic Control",Others,"Total number of Accidents",1598
Chennai,"Traffic Control","Police Controlled","Greviously Injured",78
Chennai,"Traffic Control","Police Controlled","Minor Injury",445
Chennai,"Traffic Control","Police Controlled","Persons Killed",110
Chennai,"Traffic Control","Police Controlled","Total Injured",523
Chennai,"Traffic Control","Police Controlled","Total number of Accidents",501
Chennai,"Traffic Control","Stop Sign","Greviously Injured",88
Chennai,"Traffic Control","Stop Sign","Minor Injury",234
Chennai,"Traffic Control","Stop Sign","Persons Killed",81
Chennai,"Traffic Control","Stop Sign","Total Injured",322
Chennai,"Traffic Control","Stop Sign","Total number of Accidents",384
Chennai,"Traffic Control","Traffic Light Signal","Greviously Injured",89
Chennai,"Traffic Control","Traffic Light Signal","Minor Injury",389
Chennai,"Traffic Control","Traffic Light Signal","Persons Killed",65
Chennai,"Traffic Control","Traffic Light Signal","Total Injured",478
Chennai,"Traffic Control","Traffic Light Signal","Total number of Accidents",433
Chennai,"Traffic Control",Uncontrolled,"Greviously Injured",119
Chennai,"Traffic Control",Uncontrolled,"Minor Injury",515
Chennai,"Traffic Control",Uncontrolled,"Persons Killed",128
Chennai,"Traffic Control",Uncontrolled,"Total Injured",634
Chennai,"Traffic Control",Uncontrolled,"Total number of Accidents",697
Coimbatore,"Traffic Control","Flashing Signal/Blinker","Greviously Injured",11
Coimbatore,"Traffic Control","Flashing Signal/Blinker","Minor Injury",16
Coimbatore,"Traffic Control","Flashing Signal/Blinker","Persons Killed",2
Coimbatore,"Traffic Control","Flashing Signal/Blinker","Total Injured",27
Coimbatore,"Traffic Control","Flashing Signal/Blinker","Total number of Accidents",25
Coimbatore,"Traffic Control",Others,"Greviously Injured",267
Coimbatore,"Traffic Control",Others,"Minor Injury",244
Coimbatore,"Traffic Control",Others,"Persons Killed",54
Coimbatore,"Traffic Control",Others,"Total Injured",511
Coimbatore,"Traffic Control",Others,"Total number of Accidents",500
Coimbatore,"Traffic Control","Police Controlled","Greviously Injured",0
Coimbatore,"Traffic Control","Police Controlled","Minor Injury",6
Coimbatore,"Traffic Control","Police Controlled","Persons Killed",0
Coimbatore,"Traffic Control","Police Controlled","Total Injured",6
Coimbatore,"Traffic Control","Police Controlled","Total number of Accidents",8
Coimbatore,"Traffic Control","Stop Sign","Greviously Injured",0
Coimbatore,"Traffic Control","Stop Sign","Minor Injury",0
Coimbatore,"Traffic Control","Stop Sign","Persons Killed",0
Coimbatore,"Traffic Control","Stop Sign","Total Injured",0
Coimbatore,"Traffic Control","Stop Sign","Total number of Accidents",0
Coimbatore,"Traffic Control","Traffic Light Signal","Greviously Injured",11
Coimbatore,"Traffic Control","Traffic Light Signal","Minor Injury",25
Coimbatore,"Traffic Control","Traffic Light Signal","Persons Killed",3
Coimbatore,"Traffic Control","Traffic Light Signal","Total Injured",36
Coimbatore,"Traffic Control","Traffic Light Signal","Total number of Accidents",40
Coimbatore,"Traffic Control",Uncontrolled,"Greviously Injured",58
Coimbatore,"Traffic Control",Uncontrolled,"Minor Injury",84
Coimbatore,"Traffic Control",Uncontrolled,"Persons Killed",6
Coimbatore,"Traffic Control",Uncontrolled,"Total Injured",142
Coimbatore,"Traffic Control",Uncontrolled,"Total number of Accidents",134
Delhi,"Traffic Control","Flashing Signal/Blinker","Greviously Injured",6
Delhi,"Traffic Control","Flashing Signal/Blinker","Minor Injury",134
Delhi,"Traffic Control","Flashing Signal/Blinker","Persons Killed",49
Delhi,"Traffic Control","Flashing Signal/Blinker","Total Injured",140
Delhi,"Traffic Control","Flashing Signal/Blinker","Total number of Accidents",171
Delhi,"Traffic Control",Others,"Greviously Injured",109
Delhi,"Traffic Control",Others,"Minor Injury",2180
Delhi,"Traffic Control",Others,"Persons Killed",686
Delhi,"Traffic Control",Others,"Total Injured",2289
Delhi,"Traffic Control",Others,"Total number of Accidents",2463
Delhi,"Traffic Control","Police Controlled","Greviously Injured",5
Delhi,"Traffic Control","Police Controlled","Minor Injury",42
Delhi,"Traffic Control","Police Controlled","Persons Killed",20
Delhi,"Traffic Control","Police Controlled","Total Injured",47
Delhi,"Traffic Control","Police Controlled","Total number of Accidents",62
Delhi,"Traffic Control","Stop Sign","Greviously Injured",8
Delhi,"Traffic Control","Stop Sign","Minor Injury",110
Delhi,"Traffic Control","Stop Sign","Persons Killed",37
Delhi,"Traffic Control","Stop Sign","Total Injured",118
Delhi,"Traffic Control","Stop Sign","Total number of Accidents",140
Delhi,"Traffic Control","Traffic Light Signal","Greviously Injured",39
Delhi,"Traffic Control","Traffic Light Signal","Minor Injury",300
Delhi,"Traffic Control","Traffic Light Signal","Persons Killed",98
Delhi,"Traffic Control","Traffic Light Signal","Total Injured",339
Delhi,"Traffic Control","Traffic Light Signal","Total number of Accidents",401
Delhi,"Traffic Control",Uncontrolled,"Greviously Injured",45
Delhi,"Traffic Control",Uncontrolled,"Minor Injury",684
Delhi,"Traffic Control",Uncontrolled,"Persons Killed",306
Delhi,"Traffic Control",Uncontrolled,"Total Injured",729
Delhi,"Traffic Control",Uncontrolled,"Total number of Accidents",941
Dhanbad,"Traffic Control","Flashing Signal/Blinker","Greviously Injured",4
Dhanbad,"Traffic Control","Flashing Signal/Blinker","Minor Injury",2
Dhanbad,"Traffic Control","Flashing Signal/Blinker","Persons Killed",11
Dhanbad,"Traffic Control","Flashing Signal/Blinker","Total Injured",6
Dhanbad,"Traffic Control","Flashing Signal/Blinker","Total number of Accidents",14
Dhanbad,"Traffic Control",Others,"Greviously Injured",0
Dhanbad,"Traffic Control",Others,"Minor Injury",0
Dhanbad,"Traffic Control",Others,"Persons Killed",0
Dhanbad,"Traffic Control",Others,"Total Injured",0
Dhanbad,"Traffic Control",Others,"Total number of Accidents",0
Dhanbad,"Traffic Control","Police Controlled","Greviously Injured",15
Dhanbad,"Traffic Control","Police Controlled","Minor Injury",9
Dhanbad,"Traffic Control","Police Controlled","Persons Killed",32
Dhanbad,"Traffic Control","Police Controlled","Total Injured",24
Dhanbad,"Traffic Control","Police Controlled","Total number of Accidents",47
Dhanbad,"Traffic Control","Stop Sign","Greviously Injured",5
Dhanbad,"Traffic Control","Stop Sign","Minor Injury",2
Dhanbad,"Traffic Control","Stop Sign","Persons Killed",9
Dhanbad,"Traffic Control","Stop Sign","Total Injured",7
Dhanbad,"Traffic Control","Stop Sign","Total number of Accidents",12
Dhanbad,"Traffic Control","Traffic Light Signal","Greviously Injured",35
Dhanbad,"Traffic Control","Traffic Light Signal","Minor Injury",12
Dhanbad,"Traffic Control","Traffic Light Signal","Persons Killed",18
Dhanbad,"Traffic Control","Traffic Light Signal","Total Injured",47
Dhanbad,"Traffic Control","Traffic Light Signal","Total number of Accidents",69
Dhanbad,"Traffic Control",Uncontrolled,"Greviously Injured",13
Dhanbad,"Traffic Control",Uncontrolled,"Minor Injury",1
Dhanbad,"Traffic Control",Uncontrolled,"Persons Killed",13
Dhanbad,"Traffic Control",Uncontrolled,"Total Injured",14
Dhanbad,"Traffic Control",Uncontrolled,"Total number of Accidents",22
Faridabad,"Traffic Control","Flashing Signal/Blinker","Greviously Injured",2
Faridabad,"Traffic Control","Flashing Signal/Blinker","Minor Injury",6
Faridabad,"Traffic Control","Flashing Signal/Blinker","Persons Killed",3
Faridabad,"Traffic Control","Flashing Signal/Blinker","Total Injured",8
Faridabad,"Traffic Control","Flashing Signal/Blinker","Total number of Accidents",9
Faridabad,"Traffic Control",Others,"Greviously Injured",57
Faridabad,"Traffic Control",Others,"Minor Injury",305
Faridabad,"Traffic Control",Others,"Persons Killed",160
Faridabad,"Traffic Control",Others,"Total Injured",362
Faridabad,"Traffic Control",Others,"Total number of Accidents",418
Faridabad,"Traffic Control","Police Controlled","Greviously Injured",0
Faridabad,"Traffic Control","Police Controlled","Minor Injury",0
Faridabad,"Traffic Control","Police Controlled","Persons Killed",0
Faridabad,"Traffic Control","Police Controlled","Total Injured",0
Faridabad,"Traffic Control","Police Controlled","Total number of Accidents",0
Faridabad,"Traffic Control","Stop Sign","Greviously Injured",1
Faridabad,"Traffic Control","Stop Sign","Minor Injury",3
Faridabad,"Traffic Control","Stop Sign","Persons Killed",1
Faridabad,"Traffic Control","Stop Sign","Total Injured",4
Faridabad,"Traffic Control","Stop Sign","Total number of Accidents",4
Faridabad,"Traffic Control","Traffic Light Signal","Greviously Injured",1
Faridabad,"Traffic Control","Traffic Light Signal","Minor Injury",3
Faridabad,"Traffic Control","Traffic Light Signal","Persons Killed",3
Faridabad,"Traffic Control","Traffic Light Signal","Total Injured",4
Faridabad,"Traffic Control","Traffic Light Signal","Total number of Accidents",6
Faridabad,"Traffic Control",Uncontrolled,"Greviously Injured",4
Faridabad,"Traffic Control",Uncontrolled,"Minor Injury",39
Faridabad,"Traffic Control",Uncontrolled,"Persons Killed",28
Faridabad,"Traffic Control",Uncontrolled,"Total Injured",43
Faridabad,"Traffic Control",Uncontrolled,"Total number of Accidents",52
Ghaziabad,"Traffic Control","Flashing Signal/Blinker","Greviously Injured",16
Ghaziabad,"Traffic Control","Flashing Signal/Blinker","Minor Injury",0
Ghaziabad,"Traffic Control","Flashing Signal/Blinker","Persons Killed",11
Ghaziabad,"Traffic Control","Flashing Signal/Blinker","Total Injured",16
Ghaziabad,"Traffic Control","Flashing Signal/Blinker","Total number of Accidents",33
Ghaziabad,"Traffic Control",Others,"Greviously Injured",170
Ghaziabad,"Traffic Control",Others,"Minor Injury",66
Ghaziabad,"Traffic Control",Others,"Persons Killed",194
Ghaziabad,"Traffic Control",Others,"Total Injured",236
Ghaziabad,"Traffic Control",Others,"Total number of Accidents",336
Ghaziabad,"Traffic Control","Police Controlled","Greviously Injured",0
Ghaziabad,"Traffic Control","Police Controlled","Minor Injury",2
Ghaziabad,"Traffic Control","Police Controlled","Persons Killed",0
Ghaziabad,"Traffic Control","Police Controlled","Total Injured",2
Ghaziabad,"Traffic Control","Police Controlled","Total number of Accidents",2
Ghaziabad,"Traffic Control","Stop Sign","Greviously Injured",4
Ghaziabad,"Traffic Control","Stop Sign","Minor Injury",12
Ghaziabad,"Traffic Control","Stop Sign","Persons Killed",10
Ghaziabad,"Traffic Control","Stop Sign","Total Injured",16
Ghaziabad,"Traffic Control","Stop Sign","Total number of Accidents",28
Ghaziabad,"Traffic Control","Traffic Light Signal","Greviously Injured",10
Ghaziabad,"Traffic Control","Traffic Light Signal","Minor Injury",16
Ghaziabad,"Traffic Control","Traffic Light Signal","Persons Killed",8
Ghaziabad,"Traffic Control","Traffic Light Signal","Total Injured",26
Ghaziabad,"Traffic Control","Traffic Light Signal","Total number of Accidents",33
Ghaziabad,"Traffic Control",Uncontrolled,"Greviously Injured",97
Ghaziabad,"Traffic Control",Uncontrolled,"Minor Injury",72
Ghaziabad,"Traffic Control",Uncontrolled,"Persons Killed",103
Ghaziabad,"Traffic Control",Uncontrolled,"Total Injured",169
Ghaziabad,"Traffic Control",Uncontrolled,"Total number of Accidents",276
Gwalior,"Traffic Control","Flashing Signal/Blinker","Greviously Injured",0
Gwalior,"Traffic Control","Flashing Signal/Blinker","Minor Injury",0
Gwalior,"Traffic Control","Flashing Signal/Blinker","Persons Killed",0
Gwalior,"Traffic Control","Flashing Signal/Blinker","Total Injured",0
Gwalior,"Traffic Control","Flashing Signal/Blinker","Total number of Accidents",0
Gwalior,"Traffic Control",Others,"Greviously Injured",46
Gwalior,"Traffic Control",Others,"Minor Injury",696
Gwalior,"Traffic Control",Others,"Persons Killed",194
Gwalior,"Traffic Control",Others,"Total Injured",742
Gwalior,"Traffic Control",Others,"Total number of Accidents",1015
Gwalior,"Traffic Control","Police Controlled","Greviously Injured",0
Gwalior,"Traffic Control","Police Controlled","Minor Injury",0
Gwalior,"Traffic Control","Police Controlled","Persons Killed",0
Gwalior,"Traffic Control","Police Controlled","Total Injured",0
Gwalior,"Traffic Control","Police Controlled","Total number of Accidents",0
Gwalior,"Traffic Control","Stop Sign","Greviously Injured",0
Gwalior,"Traffic Control","Stop Sign","Minor Injury",0
Gwalior,"Traffic Control","Stop Sign","Persons Killed",0
Gwalior,"Traffic Control","Stop Sign","Total Injured",0
Gwalior,"Traffic Control","Stop Sign","Total number of Accidents",0
Gwalior,"Traffic Control","Traffic Light Signal","Greviously Injured",0
Gwalior,"Traffic Control","Traffic Light Signal","Minor Injury",0
Gwalior,"Traffic Control","Traffic Light Signal","Persons Killed",0
Gwalior,"Traffic Control","Traffic Light Signal","Total Injured",0
Gwalior,"Traffic Control","Traffic Light Signal","Total number of Accidents",0
Gwalior,"Traffic Control",Uncontrolled,"Greviously Injured",49
Gwalior,"Traffic Control",Uncontrolled,"Minor Injury",538
Gwalior,"Traffic Control",Uncontrolled,"Persons Killed",122
Gwalior,"Traffic Control",Uncontrolled,"Total Injured",587
Gwalior,"Traffic Control",Uncontrolled,"Total number of Accidents",784
Hyderabad,"Traffic Control","Flashing Signal/Blinker","Greviously Injured",0
Hyderabad,"Traffic Control","Flashing Signal/Blinker","Minor Injury",73
Hyderabad,"Traffic Control","Flashing Signal/Blinker","Persons Killed",10
Hyderabad,"Traffic Control","Flashing Signal/Blinker","Total Injured",73
Hyderabad,"Traffic Control","Flashing Signal/Blinker","Total number of Accidents",83
Hyderabad,"Traffic Control",Others,"Greviously Injured",0
Hyderabad,"Traffic Control",Others,"Minor Injury",0
Hyderabad,"Traffic Control",Others,"Persons Killed",0
Hyderabad,"Traffic Control",Others,"Total Injured",0
Hyderabad,"Traffic Control",Others,"Total number of Accidents",0
Hyderabad,"Traffic Control","Police Controlled","Greviously Injured",5
Hyderabad,"Traffic Control","Police Controlled","Minor Injury",53
Hyderabad,"Traffic Control","Police Controlled","Persons Killed",3
Hyderabad,"Traffic Control","Police Controlled","Total Injured",58
Hyderabad,"Traffic Control","Police Controlled","Total number of Accidents",56
Hyderabad,"Traffic Control","Stop Sign","Greviously Injured",3
Hyderabad,"Traffic Control","Stop Sign","Minor Injury",17
Hyderabad,"Traffic Control","Stop Sign","Persons Killed",1
Hyderabad,"Traffic Control","Stop Sign","Total Injured",20
Hyderabad,"Traffic Control","Stop Sign","Total number of Accidents",20
Hyderabad,"Traffic Control","Traffic Light Signal","Greviously Injured",10
Hyderabad,"Traffic Control","Traffic Light Signal","Minor Injury",167
Hyderabad,"Traffic Control","Traffic Light Signal","Persons Killed",19
Hyderabad,"Traffic Control","Traffic Light Signal","Total Injured",177
Hyderabad,"Traffic Control","Traffic Light Signal","Total number of Accidents",195
Hyderabad,"Traffic Control",Uncontrolled,"Greviously Injured",79
Hyderabad,"Traffic Control",Uncontrolled,"Minor Injury",1485
Hyderabad,"Traffic Control",Uncontrolled,"Persons Killed",221
Hyderabad,"Traffic Control",Uncontrolled,"Total Injured",1564
Hyderabad,"Traffic Control",Uncontrolled,"Total number of Accidents",1710
Indore,"Traffic Control","Flashing Signal/Blinker","Greviously Injured",0
Indore,"Traffic Control","Flashing Signal/Blinker","Minor Injury",0
Indore,"Traffic Control","Flashing Signal/Blinker","Persons Killed",0
Indore,"Traffic Control","Flashing Signal/Blinker","Total Injured",0
Indore,"Traffic Control","Flashing Signal/Blinker","Total number of Accidents",0
Indore,"Traffic Control",Others,"Greviously Injured",51
Indore,"Traffic Control",Others,"Minor Injury",1138
Indore,"Traffic Control",Others,"Persons Killed",292
Indore,"Traffic Control",Others,"Total Injured",1189
Indore,"Traffic Control",Others,"Total number of Accidents",1396
Indore,"Traffic Control","Police Controlled","Greviously Injured",0
Indore,"Traffic Control","Police Controlled","Minor Injury",0
Indore,"Traffic Control","Police Controlled","Persons Killed",0
Indore,"Traffic Control","Police Controlled","Total Injured",0
Indore,"Traffic Control","Police Controlled","Total number of Accidents",0
Indore,"Traffic Control","Stop Sign","Greviously Injured",0
Indore,"Traffic Control","Stop Sign","Minor Injury",0
Indore,"Traffic Control","Stop Sign","Persons Killed",0
Indore,"Traffic Control","Stop Sign","Total Injured",0
Indore,"Traffic Control","Stop Sign","Total number of Accidents",0
Indore,"Traffic Control","Traffic Light Signal","Greviously Injured",0
Indore,"Traffic Control","Traffic Light Signal","Minor Injury",2
Indore,"Traffic Control","Traffic Light Signal","Persons Killed",0
Indore,"Traffic Control","Traffic Light Signal","Total Injured",2
Indore,"Traffic Control","Traffic Light Signal","Total number of Accidents",2
Indore,"Traffic Control",Uncontrolled,"Greviously Injured",171
Indore,"Traffic Control",Uncontrolled,"Minor Injury",1286
Indore,"Traffic Control",Uncontrolled,"Persons Killed",167
Indore,"Traffic Control",Uncontrolled,"Total Injured",1457
Indore,"Traffic Control",Uncontrolled,"Total number of Accidents",1638
Jabalpur,"Traffic Control","Flashing Signal/Blinker","Greviously Injured",0
Jabalpur,"Traffic Control","Flashing Signal/Blinker","Minor Injury",0
Jabalpur,"Traffic Control","Flashing Signal/Blinker","Persons Killed",0
Jabalpur,"Traffic Control","Flashing Signal/Blinker","Total Injured",0
Jabalpur,"Traffic Control","Flashing Signal/Blinker","Total number of Accidents",0
Jabalpur,"Traffic Control",Others,"Greviously Injured",243
Jabalpur,"Traffic Control",Others,"Minor Injury",1254
Jabalpur,"Traffic Control",Others,"Persons Killed",205
Jabalpur,"Traffic Control",Others,"Total Injured",1497
Jabalpur,"Traffic Control",Others,"Total number of Accidents",1548
Jabalpur,"Traffic Control","Police Controlled","Greviously Injured",0
Jabalpur,"Traffic Control","Police Controlled","Minor Injury",0
Jabalpur,"Traffic Control","Police Controlled","Persons Killed",0
Jabalpur,"Traffic Control","Police Controlled","Total Injured",0
Jabalpur,"Traffic Control","Police Controlled","Total number of Accidents",0
Jabalpur,"Traffic Control","Stop Sign","Greviously Injured",0
Jabalpur,"Traffic Control","Stop Sign","Minor Injury",0
Jabalpur,"Traffic Control","Stop Sign","Persons Killed",0
Jabalpur,"Traffic Control","Stop Sign","Total Injured",0
Jabalpur,"Traffic Control","Stop Sign","Total number of Accidents",0
Jabalpur,"Traffic Control","Traffic Light Signal","Greviously Injured",0
Jabalpur,"Traffic Control","Traffic Light Signal","Minor Injury",0
Jabalpur,"Traffic Control","Traffic Light Signal","Persons Killed",0
Jabalpur,"Traffic Control","Traffic Light Signal","Total Injured",0
Jabalpur,"Traffic Control","Traffic Light Signal","Total number of Accidents",0
Jabalpur,"Traffic Control",Uncontrolled,"Greviously Injured",247
Jabalpur,"Traffic Control",Uncontrolled,"Minor Injury",1513
Jabalpur,"Traffic Control",Uncontrolled,"Persons Killed",217
Jabalpur,"Traffic Control",Uncontrolled,"Total Injured",1760
Jabalpur,"Traffic Control",Uncontrolled,"Total number of Accidents",1678
Jaipur,"Traffic Control","Flashing Signal/Blinker","Greviously Injured",1
Jaipur,"Traffic Control","Flashing Signal/Blinker","Minor Injury",3
Jaipur,"Traffic Control","Flashing Signal/Blinker","Persons Killed",4
Jaipur,"Traffic Control","Flashing Signal/Blinker","Total Injured",4
Jaipur,"Traffic Control","Flashing Signal/Blinker","Total number of Accidents",8
Jaipur,"Traffic Control",Others,"Greviously Injured",345
Jaipur,"Traffic Control",Others,"Minor Injury",829
Jaipur,"Traffic Control",Others,"Persons Killed",459
Jaipur,"Traffic Control",Others,"Total Injured",1174
Jaipur,"Traffic Control",Others,"Total number of Accidents",1449
Jaipur,"Traffic Control","Police Controlled","Greviously Injured",4
Jaipur,"Traffic Control","Police Controlled","Minor Injury",5
Jaipur,"Traffic Control","Police Controlled","Persons Killed",0
Jaipur,"Traffic Control","Police Controlled","Total Injured",9
Jaipur,"Traffic Control","Police Controlled","Total number of Accidents",7
Jaipur,"Traffic Control","Stop Sign","Greviously Injured",0
Jaipur,"Traffic Control","Stop Sign","Minor Injury",0
Jaipur,"Traffic Control","Stop Sign","Persons Killed",0
Jaipur,"Traffic Control","Stop Sign","Total Injured",0
Jaipur,"Traffic Control","Stop Sign","Total number of Accidents",0
Jaipur,"Traffic Control","Traffic Light Signal","Greviously Injured",48
Jaipur,"Traffic Control","Traffic Light Signal","Minor Injury",94
Jaipur,"Traffic Control","Traffic Light Signal","Persons Killed",58
Jaipur,"Traffic Control","Traffic Light Signal","Total Injured",142
Jaipur,"Traffic Control","Traffic Light Signal","Total number of Accidents",185
Jaipur,"Traffic Control",Uncontrolled,"Greviously Injured",46
Jaipur,"Traffic Control",Uncontrolled,"Minor Injury",193
Jaipur,"Traffic Control",Uncontrolled,"Persons Killed",85
Jaipur,"Traffic Control",Uncontrolled,"Total Injured",239
Jaipur,"Traffic Control",Uncontrolled,"Total number of Accidents",291
Jamshedpur,"Traffic Control","Flashing Signal/Blinker","Greviously Injured",11
Jamshedpur,"Traffic Control","Flashing Signal/Blinker","Minor Injury",1
Jamshedpur,"Traffic Control","Flashing Signal/Blinker","Persons Killed",6
Jamshedpur,"Traffic Control","Flashing Signal/Blinker","Total Injured",12
Jamshedpur,"Traffic Control","Flashing Signal/Blinker","Total number of Accidents",14
Jamshedpur,"Traffic Control",Others,"Greviously Injured",0
Jamshedpur,"Traffic Control",Others,"Minor Injury",0
Jamshedpur,"Traffic Control",Others,"Persons Killed",0
Jamshedpur,"Traffic Control",Others,"Total Injured",0
Jamshedpur,"Traffic Control",Others,"Total number of Accidents",0
Jamshedpur,"Traffic Control","Police Controlled","Greviously Injured",9
Jamshedpur,"Traffic Control","Police Controlled","Minor Injury",2
Jamshedpur,"Traffic Control","Police Controlled","Persons Killed",6
Jamshedpur,"Traffic Control","Police Controlled","Total Injured",11
Jamshedpur,"Traffic Control","Police Controlled","Total number of Accidents",15
Jamshedpur,"Traffic Control","Stop Sign","Greviously Injured",10
Jamshedpur,"Traffic Control","Stop Sign","Minor Injury",2
Jamshedpur,"Traffic Control","Stop Sign","Persons Killed",5
Jamshedpur,"Traffic Control","Stop Sign","Total Injured",12
Jamshedpur,"Traffic Control","Stop Sign","Total number of Accidents",16
Jamshedpur,"Traffic Control","Traffic Light Signal","Greviously Injured",12
Jamshedpur,"Traffic Control","Traffic Light Signal","Minor Injury",2
Jamshedpur,"Traffic Control","Traffic Light Signal","Persons Killed",8
Jamshedpur,"Traffic Control","Traffic Light Signal","Total Injured",14
Jamshedpur,"Traffic Control","Traffic Light Signal","Total number of Accidents",17
Jamshedpur,"Traffic Control",Uncontrolled,"Greviously Injured",34
Jamshedpur,"Traffic Control",Uncontrolled,"Minor Injury",8
Jamshedpur,"Traffic Control",Uncontrolled,"Persons Killed",22
Jamshedpur,"Traffic Control",Uncontrolled,"Total Injured",42
Jamshedpur,"Traffic Control",Uncontrolled,"Total number of Accidents",57
Jodhpur,"Traffic Control","Flashing Signal/Blinker","Greviously Injured",0
Jodhpur,"Traffic Control","Flashing Signal/Blinker","Minor Injury",1
Jodhpur,"Traffic Control","Flashing Signal/Blinker","Persons Killed",3
Jodhpur,"Traffic Control","Flashing Signal/Blinker","Total Injured",1
Jodhpur,"Traffic Control","Flashing Signal/Blinker","Total number of Accidents",4
Jodhpur,"Traffic Control",Others,"Greviously Injured",27
Jodhpur,"Traffic Control",Others,"Minor Injury",120
Jodhpur,"Traffic Control",Others,"Persons Killed",104
Jodhpur,"Traffic Control",Others,"Total Injured",147
Jodhpur,"Traffic Control",Others,"Total number of Accidents",197
Jodhpur,"Traffic Control","Police Controlled","Greviously Injured",0
Jodhpur,"Traffic Control","Police Controlled","Minor Injury",9
Jodhpur,"Traffic Control","Police Controlled","Persons Killed",6
Jodhpur,"Traffic Control","Police Controlled","Total Injured",9
Jodhpur,"Traffic Control","Police Controlled","Total number of Accidents",12
Jodhpur,"Traffic Control","Stop Sign","Greviously Injured",0
Jodhpur,"Traffic Control","Stop Sign","Minor Injury",0
Jodhpur,"Traffic Control","Stop Sign","Persons Killed",0
Jodhpur,"Traffic Control","Stop Sign","Total Injured",0
Jodhpur,"Traffic Control","Stop Sign","Total number of Accidents",0
Jodhpur,"Traffic Control","Traffic Light Signal","Greviously Injured",1
Jodhpur,"Traffic Control","Traffic Light Signal","Minor Injury",6
Jodhpur,"Traffic Control","Traffic Light Signal","Persons Killed",1
Jodhpur,"Traffic Control","Traffic Light Signal","Total Injured",7
Jodhpur,"Traffic Control","Traffic Light Signal","Total number of Accidents",7
Jodhpur,"Traffic Control",Uncontrolled,"Greviously Injured",5
Jodhpur,"Traffic Control",Uncontrolled,"Minor Injury",38
Jodhpur,"Traffic Control",Uncontrolled,"Persons Killed",28
Jodhpur,"Traffic Control",Uncontrolled,"Total Injured",43
Jodhpur,"Traffic Control",Uncontrolled,"Total number of Accidents",72
Kannur,"Traffic Control","Flashing Signal/Blinker","Greviously Injured",0
Kannur,"Traffic Control","Flashing Signal/Blinker","Minor Injury",0
Kannur,"Traffic Control","Flashing Signal/Blinker","Persons Killed",0
Kannur,"Traffic Control","Flashing Signal/Blinker","Total Injured",0
Kannur,"Traffic Control","Flashing Signal/Blinker","Total number of Accidents",0
Kannur,"Traffic Control",Others,"Greviously Injured",214
Kannur,"Traffic Control",Others,"Minor Injury",190
Kannur,"Traffic Control",Others,"Persons Killed",46
Kannur,"Traffic Control",Others,"Total Injured",404
Kannur,"Traffic Control",Others,"Total number of Accidents",362
Kannur,"Traffic Control","Police Controlled","Greviously Injured",12
Kannur,"Traffic Control","Police Controlled","Minor Injury",10
Kannur,"Traffic Control","Police Controlled","Persons Killed",4
Kannur,"Traffic Control","Police Controlled","Total Injured",22
Kannur,"Traffic Control","Police Controlled","Total number of Accidents",27
Kannur,"Traffic Control","Stop Sign","Greviously Injured",0
Kannur,"Traffic Control","Stop Sign","Minor Injury",0
Kannur,"Traffic Control","Stop Sign","Persons Killed",0
Kannur,"Traffic Control","Stop Sign","Total Injured",0
Kannur,"Traffic Control","Stop Sign","Total number of Accidents",0
Kannur,"Traffic Control","Traffic Light Signal","Greviously Injured",3
Kannur,"Traffic Control","Traffic Light Signal","Minor Injury",4
Kannur,"Traffic Control","Traffic Light Signal","Persons Killed",0
Kannur,"Traffic Control","Traffic Light Signal","Total Injured",7
Kannur,"Traffic Control","Traffic Light Signal","Total number of Accidents",6
Kannur,"Traffic Control",Uncontrolled,"Greviously Injured",75
Kannur,"Traffic Control",Uncontrolled,"Minor Injury",65
Kannur,"Traffic Control",Uncontrolled,"Persons Killed",7
Kannur,"Traffic Control",Uncontrolled,"Total Injured",140
Kannur,"Traffic Control",Uncontrolled,"Total number of Accidents",109
Kanpur,"Traffic Control","Flashing Signal/Blinker","Greviously Injured",34
Kanpur,"Traffic Control","Flashing Signal/Blinker","Minor Injury",3
Kanpur,"Traffic Control","Flashing Signal/Blinker","Persons Killed",24
Kanpur,"Traffic Control","Flashing Signal/Blinker","Total Injured",37
Kanpur,"Traffic Control","Flashing Signal/Blinker","Total number of Accidents",56
Kanpur,"Traffic Control",Others,"Greviously Injured",584
Kanpur,"Traffic Control",Others,"Minor Injury",72
Kanpur,"Traffic Control",Others,"Persons Killed",479
Kanpur,"Traffic Control",Others,"Total Injured",656
Kanpur,"Traffic Control",Others,"Total number of Accidents",1037
Kanpur,"Traffic Control","Police Controlled","Greviously Injured",2
Kanpur,"Traffic Control","Police Controlled","Minor Injury",0
Kanpur,"Traffic Control","Police Controlled","Persons Killed",2
Kanpur,"Traffic Control","Police Controlled","Total Injured",2
Kanpur,"Traffic Control","Police Controlled","Total number of Accidents",4
Kanpur,"Traffic Control","Stop Sign","Greviously Injured",2
Kanpur,"Traffic Control","Stop Sign","Minor Injury",0
Kanpur,"Traffic Control","Stop Sign","Persons Killed",3
Kanpur,"Traffic Control","Stop Sign","Total Injured",2
Kanpur,"Traffic Control","Stop Sign","Total number of Accidents",7
Kanpur,"Traffic Control","Traffic Light Signal","Greviously Injured",2
Kanpur,"Traffic Control","Traffic Light Signal","Minor Injury",0
Kanpur,"Traffic Control","Traffic Light Signal","Persons Killed",2
Kanpur,"Traffic Control","Traffic Light Signal","Total Injured",2
Kanpur,"Traffic Control","Traffic Light Signal","Total number of Accidents",5
Kanpur,"Traffic Control",Uncontrolled,"Greviously Injured",69
Kanpur,"Traffic Control",Uncontrolled,"Minor Injury",10
Kanpur,"Traffic Control",Uncontrolled,"Persons Killed",53
Kanpur,"Traffic Control",Uncontrolled,"Total Injured",79
Kanpur,"Traffic Control",Uncontrolled,"Total number of Accidents",115
Khozikode,"Traffic Control","Flashing Signal/Blinker","Greviously Injured",6
Khozikode,"Traffic Control","Flashing Signal/Blinker","Minor Injury",1
Khozikode,"Traffic Control","Flashing Signal/Blinker","Persons Killed",0
Khozikode,"Traffic Control","Flashing Signal/Blinker","Total Injured",7
Khozikode,"Traffic Control","Flashing Signal/Blinker","Total number of Accidents",7
Khozikode,"Traffic Control",Others,"Greviously Injured",555
Khozikode,"Traffic Control",Others,"Minor Injury",181
Khozikode,"Traffic Control",Others,"Persons Killed",74
Khozikode,"Traffic Control",Others,"Total Injured",736
Khozikode,"Traffic Control",Others,"Total number of Accidents",724
Khozikode,"Traffic Control","Police Controlled","Greviously Injured",39
Khozikode,"Traffic Control","Police Controlled","Minor Injury",15
Khozikode,"Traffic Control","Police Controlled","Persons Killed",4
Khozikode,"Traffic Control","Police Controlled","Total Injured",54
Khozikode,"Traffic Control","Police Controlled","Total number of Accidents",54
Khozikode,"Traffic Control","Stop Sign","Greviously Injured",0
Khozikode,"Traffic Control","Stop Sign","Minor Injury",1
Khozikode,"Traffic Control","Stop Sign","Persons Killed",0
Khozikode,"Traffic Control","Stop Sign","Total Injured",1
Khozikode,"Traffic Control","Stop Sign","Total number of Accidents",1
Khozikode,"Traffic Control","Traffic Light Signal","Greviously Injured",22
Khozikode,"Traffic Control","Traffic Light Signal","Minor Injury",9
Khozikode,"Traffic Control","Traffic Light Signal","Persons Killed",3
Khozikode,"Traffic Control","Traffic Light Signal","Total Injured",31
Khozikode,"Traffic Control","Traffic Light Signal","Total number of Accidents",39
Khozikode,"Traffic Control",Uncontrolled,"Greviously Injured",140
Khozikode,"Traffic Control",Uncontrolled,"Minor Injury",43
Khozikode,"Traffic Control",Uncontrolled,"Persons Killed",10
Khozikode,"Traffic Control",Uncontrolled,"Total Injured",183
Khozikode,"Traffic Control",Uncontrolled,"Total number of Accidents",178
Kochi,"Traffic Control","Flashing Signal/Blinker","Greviously Injured",23
Kochi,"Traffic Control","Flashing Signal/Blinker","Minor Injury",8
Kochi,"Traffic Control","Flashing Signal/Blinker","Persons Killed",1
Kochi,"Traffic Control","Flashing Signal/Blinker","Total Injured",31
Kochi,"Traffic Control","Flashing Signal/Blinker","Total number of Accidents",30
Kochi,"Traffic Control",Others,"Greviously Injured",712
Kochi,"Traffic Control",Others,"Minor Injury",175
Kochi,"Traffic Control",Others,"Persons Killed",70
Kochi,"Traffic Control",Others,"Total Injured",887
Kochi,"Traffic Control",Others,"Total number of Accidents",866
Kochi,"Traffic Control","Police Controlled","Greviously Injured",223
Kochi,"Traffic Control","Police Controlled","Minor Injury",51
Kochi,"Traffic Control","Police Controlled","Persons Killed",23
Kochi,"Traffic Control","Police Controlled","Total Injured",274
Kochi,"Traffic Control","Police Controlled","Total number of Accidents",286
Kochi,"Traffic Control","Stop Sign","Greviously Injured",1
Kochi,"Traffic Control","Stop Sign","Minor Injury",0
Kochi,"Traffic Control","Stop Sign","Persons Killed",0
Kochi,"Traffic Control","Stop Sign","Total Injured",1
Kochi,"Traffic Control","Stop Sign","Total number of Accidents",2
Kochi,"Traffic Control","Traffic Light Signal","Greviously Injured",96
Kochi,"Traffic Control","Traffic Light Signal","Minor Injury",17
Kochi,"Traffic Control","Traffic Light Signal","Persons Killed",5
Kochi,"Traffic Control","Traffic Light Signal","Total Injured",113
Kochi,"Traffic Control","Traffic Light Signal","Total number of Accidents",119
Kochi,"Traffic Control",Uncontrolled,"Greviously Injured",67
Kochi,"Traffic Control",Uncontrolled,"Minor Injury",33
Kochi,"Traffic Control",Uncontrolled,"Persons Killed",2
Kochi,"Traffic Control",Uncontrolled,"Total Injured",100
Kochi,"Traffic Control",Uncontrolled,"Total number of Accidents",134
Kolkata,"Traffic Control","Flashing Signal/Blinker","Greviously Injured",21
Kolkata,"Traffic Control","Flashing Signal/Blinker","Minor Injury",19
Kolkata,"Traffic Control","Flashing Signal/Blinker","Persons Killed",2
Kolkata,"Traffic Control","Flashing Signal/Blinker","Total Injured",40
Kolkata,"Traffic Control","Flashing Signal/Blinker","Total number of Accidents",54
Kolkata,"Traffic Control",Others,"Greviously Injured",535
Kolkata,"Traffic Control",Others,"Minor Injury",280
Kolkata,"Traffic Control",Others,"Persons Killed",159
Kolkata,"Traffic Control",Others,"Total Injured",815
Kolkata,"Traffic Control",Others,"Total number of Accidents",948
Kolkata,"Traffic Control","Police Controlled","Greviously Injured",34
Kolkata,"Traffic Control","Police Controlled","Minor Injury",29
Kolkata,"Traffic Control","Police Controlled","Persons Killed",25
Kolkata,"Traffic Control","Police Controlled","Total Injured",63
Kolkata,"Traffic Control","Police Controlled","Total number of Accidents",105
Kolkata,"Traffic Control","Stop Sign","Greviously Injured",24
Kolkata,"Traffic Control","Stop Sign","Minor Injury",22
Kolkata,"Traffic Control","Stop Sign","Persons Killed",0
Kolkata,"Traffic Control","Stop Sign","Total Injured",46
Kolkata,"Traffic Control","Stop Sign","Total number of Accidents",59
Kolkata,"Traffic Control","Traffic Light Signal","Greviously Injured",115
Kolkata,"Traffic Control","Traffic Light Signal","Minor Injury",106
Kolkata,"Traffic Control","Traffic Light Signal","Persons Killed",9
Kolkata,"Traffic Control","Traffic Light Signal","Total Injured",221
Kolkata,"Traffic Control","Traffic Light Signal","Total number of Accidents",265
Kolkata,"Traffic Control",Uncontrolled,"Greviously Injured",115
Kolkata,"Traffic Control",Uncontrolled,"Minor Injury",101
Kolkata,"Traffic Control",Uncontrolled,"Persons Killed",6
Kolkata,"Traffic Control",Uncontrolled,"Total Injured",216
Kolkata,"Traffic Control",Uncontrolled,"Total number of Accidents",252
Kollam,"Traffic Control","Flashing Signal/Blinker","Greviously Injured",92
Kollam,"Traffic Control","Flashing Signal/Blinker","Minor Injury",17
Kollam,"Traffic Control","Flashing Signal/Blinker","Persons Killed",13
Kollam,"Traffic Control","Flashing Signal/Blinker","Total Injured",109
Kollam,"Traffic Control","Flashing Signal/Blinker","Total number of Accidents",98
Kollam,"Traffic Control",Others,"Greviously Injured",603
Kollam,"Traffic Control",Others,"Minor Injury",76
Kollam,"Traffic Control",Others,"Persons Killed",105
Kollam,"Traffic Control",Others,"Total Injured",679
Kollam,"Traffic Control",Others,"Total number of Accidents",716
Kollam,"Traffic Control","Police Controlled","Greviously Injured",110
Kollam,"Traffic Control","Police Controlled","Minor Injury",13
Kollam,"Traffic Control","Police Controlled","Persons Killed",11
Kollam,"Traffic Control","Police Controlled","Total Injured",123
Kollam,"Traffic Control","Police Controlled","Total number of Accidents",130
Kollam,"Traffic Control","Stop Sign","Greviously Injured",53
Kollam,"Traffic Control","Stop Sign","Minor Injury",5
Kollam,"Traffic Control","Stop Sign","Persons Killed",7
Kollam,"Traffic Control","Stop Sign","Total Injured",58
Kollam,"Traffic Control","Stop Sign","Total number of Accidents",61
Kollam,"Traffic Control","Traffic Light Signal","Greviously Injured",74
Kollam,"Traffic Control","Traffic Light Signal","Minor Injury",16
Kollam,"Traffic Control","Traffic Light Signal","Persons Killed",13
Kollam,"Traffic Control","Traffic Light Signal","Total Injured",90
Kollam,"Traffic Control","Traffic Light Signal","Total number of Accidents",91
Kollam,"Traffic Control",Uncontrolled,"Greviously Injured",274
Kollam,"Traffic Control",Uncontrolled,"Minor Injury",48
Kollam,"Traffic Control",Uncontrolled,"Persons Killed",45
Kollam,"Traffic Control",Uncontrolled,"Total Injured",322
Kollam,"Traffic Control",Uncontrolled,"Total number of Accidents",315
Kota,"Traffic Control","Flashing Signal/Blinker","Greviously Injured",0
Kota,"Traffic Control","Flashing Signal/Blinker","Minor Injury",0
Kota,"Traffic Control","Flashing Signal/Blinker","Persons Killed",0
Kota,"Traffic Control","Flashing Signal/Blinker","Total Injured",0
Kota,"Traffic Control","Flashing Signal/Blinker","Total number of Accidents",0
Kota,"Traffic Control",Others,"Greviously Injured",45
Kota,"Traffic Control",Others,"Minor Injury",223
Kota,"Traffic Control",Others,"Persons Killed",53
Kota,"Traffic Control",Others,"Total Injured",268
Kota,"Traffic Control",Others,"Total number of Accidents",267
Kota,"Traffic Control","Police Controlled","Greviously Injured",0
Kota,"Traffic Control","Police Controlled","Minor Injury",1
Kota,"Traffic Control","Police Controlled","Persons Killed",0
Kota,"Traffic Control","Police Controlled","Total Injured",1
Kota,"Traffic Control","Police Controlled","Total number of Accidents",1
Kota,"Traffic Control","Stop Sign","Greviously Injured",0
Kota,"Traffic Control","Stop Sign","Minor Injury",0
Kota,"Traffic Control","Stop Sign","Persons Killed",0
Kota,"Traffic Control","Stop Sign","Total Injured",0
Kota,"Traffic Control","Stop Sign","Total number of Accidents",0
Kota,"Traffic Control","Traffic Light Signal","Greviously Injured",0
Kota,"Traffic Control","Traffic Light Signal","Minor Injury",0
Kota,"Traffic Control","Traffic Light Signal","Persons Killed",0
Kota,"Traffic Control","Traffic Light Signal","Total Injured",0
Kota,"Traffic Control","Traffic Light Signal","Total number of Accidents",0
Kota,"Traffic Control",Uncontrolled,"Greviously Injured",22
Kota,"Traffic Control",Uncontrolled,"Minor Injury",71
Kota,"Traffic Control",Uncontrolled,"Persons Killed",7
Kota,"Traffic Control",Uncontrolled,"Total Injured",93
Kota,"Traffic Control",Uncontrolled,"Total number of Accidents",85
Lucknow,"Traffic Control","Flashing Signal/Blinker","Greviously Injured",0
Lucknow,"Traffic Control","Flashing Signal/Blinker","Minor Injury",0
Lucknow,"Traffic Control","Flashing Signal/Blinker","Persons Killed",0
Lucknow,"Traffic Control","Flashing Signal/Blinker","Total Injured",0
Lucknow,"Traffic Control","Flashing Signal/Blinker","Total number of Accidents",0
Lucknow,"Traffic Control",Others,"Greviously Injured",126
Lucknow,"Traffic Control",Others,"Minor Injury",149
Lucknow,"Traffic Control",Others,"Persons Killed",161
Lucknow,"Traffic Control",Others,"Total Injured",275
Lucknow,"Traffic Control",Others,"Total number of Accidents",584
Lucknow,"Traffic Control","Police Controlled","Greviously Injured",0
Lucknow,"Traffic Control","Police Controlled","Minor Injury",0
Lucknow,"Traffic Control","Police Controlled","Persons Killed",0
Lucknow,"Traffic Control","Police Controlled","Total Injured",0
Lucknow,"Traffic Control","Police Controlled","Total number of Accidents",0
Lucknow,"Traffic Control","Stop Sign","Greviously Injured",0
Lucknow,"Traffic Control","Stop Sign","Minor Injury",0
Lucknow,"Traffic Control","Stop Sign","Persons Killed",0
Lucknow,"Traffic Control","Stop Sign","Total Injured",0
Lucknow,"Traffic Control","Stop Sign","Total number of Accidents",0
Lucknow,"Traffic Control","Traffic Light Signal","Greviously Injured",0
Lucknow,"Traffic Control","Traffic Light Signal","Minor Injury",0
Lucknow,"Traffic Control","Traffic Light Signal","Persons Killed",0
Lucknow,"Traffic Control","Traffic Light Signal","Total Injured",0
Lucknow,"Traffic Control","Traffic Light Signal","Total number of Accidents",0
Lucknow,"Traffic Control",Uncontrolled,"Greviously Injured",180
Lucknow,"Traffic Control",Uncontrolled,"Minor Injury",99
Lucknow,"Traffic Control",Uncontrolled,"Persons Killed",213
Lucknow,"Traffic Control",Uncontrolled,"Total Injured",279
Lucknow,"Traffic Control",Uncontrolled,"Total number of Accidents",362
Ludhiana,"Traffic Control","Flashing Signal/Blinker","Greviously Injured",20
Ludhiana,"Traffic Control","Flashing Signal/Blinker","Minor Injury",3
Ludhiana,"Traffic Control","Flashing Signal/Blinker","Persons Killed",40
Ludhiana,"Traffic Control","Flashing Signal/Blinker","Total Injured",23
Ludhiana,"Traffic Control","Flashing Signal/Blinker","Total number of Accidents",46
Ludhiana,"Traffic Control",Others,"Greviously Injured",67
Ludhiana,"Traffic Control",Others,"Minor Injury",2
Ludhiana,"Traffic Control",Others,"Persons Killed",153
Ludhiana,"Traffic Control",Others,"Total Injured",69
Ludhiana,"Traffic Control",Others,"Total number of Accidents",235
Ludhiana,"Traffic Control","Police Controlled","Greviously Injured",17
Ludhiana,"Traffic Control","Police Controlled","Minor Injury",10
Ludhiana,"Traffic Control","Police Controlled","Persons Killed",25
Ludhiana,"Traffic Control","Police Controlled","Total Injured",27
Ludhiana,"Traffic Control","Police Controlled","Total number of Accidents",36
Ludhiana,"Traffic Control","Stop Sign","Greviously Injured",20
Ludhiana,"Traffic Control","Stop Sign","Minor Injury",7
Ludhiana,"Traffic Control","Stop Sign","Persons Killed",30
Ludhiana,"Traffic Control","Stop Sign","Total Injured",27
Ludhiana,"Traffic Control","Stop Sign","Total number of Accidents",49
Ludhiana,"Traffic Control","Traffic Light Signal","Greviously Injured",10
Ludhiana,"Traffic Control","Traffic Light Signal","Minor Injury",15
Ludhiana,"Traffic Control","Traffic Light Signal","Persons Killed",15
Ludhiana,"Traffic Control","Traffic Light Signal","Total Injured",25
Ludhiana,"Traffic Control","Traffic Light Signal","Total number of Accidents",25
Ludhiana,"Traffic Control",Uncontrolled,"Greviously Injured",5
Ludhiana,"Traffic Control",Uncontrolled,"Minor Injury",8
Ludhiana,"Traffic Control",Uncontrolled,"Persons Killed",20
Ludhiana,"Traffic Control",Uncontrolled,"Total Injured",13
Ludhiana,"Traffic Control",Uncontrolled,"Total number of Accidents",27
Madurai,"Traffic Control","Flashing Signal/Blinker","Greviously Injured",0
Madurai,"Traffic Control","Flashing Signal/Blinker","Minor Injury",2
Madurai,"Traffic Control","Flashing Signal/Blinker","Persons Killed",0
Madurai,"Traffic Control","Flashing Signal/Blinker","Total Injured",2
Madurai,"Traffic Control","Flashing Signal/Blinker","Total number of Accidents",2
Madurai,"Traffic Control",Others,"Greviously Injured",80
Madurai,"Traffic Control",Others,"Minor Injury",301
Madurai,"Traffic Control",Others,"Persons Killed",69
Madurai,"Traffic Control",Others,"Total Injured",381
Madurai,"Traffic Control",Others,"Total number of Accidents",422
Madurai,"Traffic Control","Police Controlled","Greviously Injured",1
Madurai,"Traffic Control","Police Controlled","Minor Injury",5
Madurai,"Traffic Control","Police Controlled","Persons Killed",0
Madurai,"Traffic Control","Police Controlled","Total Injured",6
Madurai,"Traffic Control","Police Controlled","Total number of Accidents",6
Madurai,"Traffic Control","Stop Sign","Greviously Injured",0
Madurai,"Traffic Control","Stop Sign","Minor Injury",4
Madurai,"Traffic Control","Stop Sign","Persons Killed",3
Madurai,"Traffic Control","Stop Sign","Total Injured",4
Madurai,"Traffic Control","Stop Sign","Total number of Accidents",7
Madurai,"Traffic Control","Traffic Light Signal","Greviously Injured",13
Madurai,"Traffic Control","Traffic Light Signal","Minor Injury",15
Madurai,"Traffic Control","Traffic Light Signal","Persons Killed",1
Madurai,"Traffic Control","Traffic Light Signal","Total Injured",28
Madurai,"Traffic Control","Traffic Light Signal","Total number of Accidents",22
Madurai,"Traffic Control",Uncontrolled,"Greviously Injured",18
Madurai,"Traffic Control",Uncontrolled,"Minor Injury",60
Madurai,"Traffic Control",Uncontrolled,"Persons Killed",8
Madurai,"Traffic Control",Uncontrolled,"Total Injured",78
Madurai,"Traffic Control",Uncontrolled,"Total number of Accidents",71
Mallapuram,"Traffic Control","Flashing Signal/Blinker","Greviously Injured",0
Mallapuram,"Traffic Control","Flashing Signal/Blinker","Minor Injury",0
Mallapuram,"Traffic Control","Flashing Signal/Blinker","Persons Killed",0
Mallapuram,"Traffic Control","Flashing Signal/Blinker","Total Injured",0
Mallapuram,"Traffic Control","Flashing Signal/Blinker","Total number of Accidents",0
Mallapuram,"Traffic Control",Others,"Greviously Injured",1185
Mallapuram,"Traffic Control",Others,"Minor Injury",379
Mallapuram,"Traffic Control",Others,"Persons Killed",211
Mallapuram,"Traffic Control",Others,"Total Injured",1564
Mallapuram,"Traffic Control",Others,"Total number of Accidents",1525
Mallapuram,"Traffic Control","Police Controlled","Greviously Injured",17
Mallapuram,"Traffic Control","Police Controlled","Minor Injury",8
Mallapuram,"Traffic Control","Police Controlled","Persons Killed",3
Mallapuram,"Traffic Control","Police Controlled","Total Injured",25
Mallapuram,"Traffic Control","Police Controlled","Total number of Accidents",27
Mallapuram,"Traffic Control","Stop Sign","Greviously Injured",2
Mallapuram,"Traffic Control","Stop Sign","Minor Injury",2
Mallapuram,"Traffic Control","Stop Sign","Persons Killed",0
Mallapuram,"Traffic Control","Stop Sign","Total Injured",4
Mallapuram,"Traffic Control","Stop Sign","Total number of Accidents",3
Mallapuram,"Traffic Control","Traffic Light Signal","Greviously Injured",3
Mallapuram,"Traffic Control","Traffic Light Signal","Minor Injury",2
Mallapuram,"Traffic Control","Traffic Light Signal","Persons Killed",0
Mallapuram,"Traffic Control","Traffic Light Signal","Total Injured",5
Mallapuram,"Traffic Control","Traffic Light Signal","Total number of Accidents",4
Mallapuram,"Traffic Control",Uncontrolled,"Greviously Injured",161
Mallapuram,"Traffic Control",Uncontrolled,"Minor Injury",69
Mallapuram,"Traffic Control",Uncontrolled,"Persons Killed",33
Mallapuram,"Traffic Control",Uncontrolled,"Total Injured",230
Mallapuram,"Traffic Control",Uncontrolled,"Total number of Accidents",225
Meerut,"Traffic Control","Flashing Signal/Blinker","Greviously Injured",0
Meerut,"Traffic Control","Flashing Signal/Blinker","Minor Injury",8
Meerut,"Traffic Control","Flashing Signal/Blinker","Persons Killed",9
Meerut,"Traffic Control","Flashing Signal/Blinker","Total Injured",8
Meerut,"Traffic Control","Flashing Signal/Blinker","Total number of Accidents",15
Meerut,"Traffic Control",Others,"Greviously Injured",24
Meerut,"Traffic Control",Others,"Minor Injury",381
Meerut,"Traffic Control",Others,"Persons Killed",287
Meerut,"Traffic Control",Others,"Total Injured",405
Meerut,"Traffic Control",Others,"Total number of Accidents",604
